key,phase,median,p95,samples
alpha16-800-800-1-1,environment_decode,0.008291,0.0095663,3
alpha16-800-800-1-1,frame_allocate_clear,2.464709,2.5299581,3
alpha16-800-800-1-1,lights_shadow_allocate,0.002958,0.007270799999999999,3
alpha16-800-800-1-1,shadow_alpha_allocate,0.001333,0.0015211,3
alpha16-800-800-1-1,shader_setup_asset_decode,0.019,0.0273997,3
alpha16-800-800-1-1,model_setup,0.009958,0.0106339,3
alpha16-800-800-1-1,bin_and_shadow_shader_allocate,0.525333,0.6159333,3
alpha16-800-800-1-1,shadow_finalize,0.00025,0.00028690000000000003,3
alpha16-800-800-1-1,normal_cache_allocate,0.001375,0.0016378,3
alpha16-800-800-1-1,indexed_main_transforms,0.000625,0.0007375,3
alpha16-800-800-1-1,main_transform_setup,0.121625,0.1245122,3
alpha16-800-800-1-1,count_normal_cache_payload_bytes,0.0,0.0,3
alpha16-800-800-1-1,count_normal_cache_hits,0.0,0.0,3
alpha16-800-800-1-1,count_normal_cache_misses,0.0,0.0,3
alpha16-800-800-1-1,count_geometric_normal_reuses,0.0,0.0,3
alpha16-800-800-1-1,main_bin_build,1.337208,1.3534836,3
alpha16-800-800-1-1,count_main_bin_workers,1.0,1.0,3
alpha16-800-800-1-1,count_main_bin_scratch_bytes,320008.0,320008.0,3
alpha16-800-800-1-1,main_coverage_depth_shading,168.010125,168.7590375,3
alpha16-800-800-1-1,count_main_schedule_scratch_bytes,320000.0,320000.0,3
alpha16-800-800-1-1,count_main_macrotiles,0.0,0.0,3
alpha16-800-800-1-1,count_main_macrotile_edge,0.0,0.0,3
alpha16-800-800-1-1,lines,0.012792,0.0129792,3
alpha16-800-800-1-1,count_fragment_capacity_bytes,265364472.0,265364472.0,3
alpha16-800-800-1-1,count_maximum_layers_per_sample,33.0,33.0,3
alpha16-800-800-1-1,count_transparent_touched_samples,301234.0,301234.0,3
alpha16-800-800-1-1,transparency_resolve,147.276375,150.89865,3
alpha16-800-800-1-1,depth_conversion,0.005875,0.0061,3
alpha16-800-800-1-1,remaining_output_setup,0.00975,0.0099372,3
alpha16-800-800-1-1,count_outline_scratch_payload_bytes,0.0,0.0,3
alpha16-800-800-1-1,count_shadow_matrix_payload_bytes,0.0,0.0,3
alpha16-800-800-1-1,count_varying_payload_bytes,36864.0,36864.0,3
alpha16-800-800-1-1,count_auxiliary_matrix_payload_bytes,0.0,0.0,3
alpha16-800-800-1-1,count_environment_variant_requests,0.0,0.0,3
alpha16-800-800-1-1,count_environment_resize_variants,0.0,0.0,3
alpha16-800-800-1-1,count_environment_variant_bytes,0.0,0.0,3
alpha16-800-800-1-1,count_texture_decodes,0.0,0.0,3
alpha16-800-800-1-1,count_texture_payload_bytes,0.0,0.0,3
alpha16-800-800-1-1,count_prepared_texture_hits,0.0,0.0,3
alpha16-800-800-1-1,count_prepared_texture_payload_bytes,0.0,0.0,3
alpha16-800-800-1-1,count_indexed_positions,0.0,0.0,3
alpha16-800-800-1-1,count_main_clip_transform_evaluations,1536.0,1536.0,3
alpha16-800-800-1-1,count_indexed_transform_payload_bytes,0.0,0.0,3
alpha16-800-800-1-1,count_varying_uv_payload_bytes,0.0,0.0,3
alpha16-800-800-1-1,count_varying_position_payload_bytes,0.0,0.0,3
alpha16-800-800-1-1,count_varying_clip_payload_bytes,0.0,0.0,3
alpha16-800-800-1-1,count_input_triangles,512.0,512.0,3
alpha16-800-800-1-1,count_models,1.0,1.0,3
alpha16-800-800-1-1,count_materials,2.0,2.0,3
alpha16-800-800-1-1,count_main_tasks,0.0,0.0,3
alpha16-800-800-1-1,count_shadow_tasks,0.0,0.0,3
alpha16-800-800-1-1,count_main_active_blocks,19290.0,19290.0,3
alpha16-800-800-1-1,count_main_bin_references,600049.0,600049.0,3
alpha16-800-800-1-1,count_main_setup_count,512.0,512.0,3
alpha16-800-800-1-1,count_main_post_clip_triangles,512.0,512.0,3
alpha16-800-800-1-1,count_main_clipped_triangles,0.0,0.0,3
alpha16-800-800-1-1,count_main_culled_primitives,0.0,0.0,3
alpha16-800-800-1-1,count_main_setup_bin_capacity_bytes,2814412.0,2814412.0,3
alpha16-800-800-1-1,count_coverage_block_tests,0.0,0.0,3
alpha16-800-800-1-1,count_coverage_rejected_blocks,0.0,0.0,3
alpha16-800-800-1-1,count_coverage_full_blocks,0.0,0.0,3
alpha16-800-800-1-1,count_coverage_edge_samples,9176125.0,9176125.0,3
alpha16-800-800-1-1,count_coverage_candidates,9176125.0,9176125.0,3
alpha16-800-800-1-1,count_covered_samples,4498791.0,4498791.0,3
alpha16-800-800-1-1,count_early_z_failures,0.0,0.0,3
alpha16-800-800-1-1,count_shader_calls,4498791.0,4498791.0,3
alpha16-800-800-1-1,count_transparent_fragments,4498791.0,4498791.0,3
alpha16-800-800-1-1,count_visibility_tiles,0.0,0.0,3
alpha16-800-800-1-1,count_visibility_fallbacks,0.0,0.0,3
alpha16-800-800-1-1,count_visibility_coverage_worker_ms,0.0,0.0,3
alpha16-800-800-1-1,count_visibility_shading_worker_ms,0.0,0.0,3
alpha16-800-800-1-1,native_output_assembly,0.706167,0.8327295,3
alpha16-800-800-1-1,native_teardown,0.291792,1.6740794999999997,3
alpha16-800-800-1-1,native_total,323.243708,323.6058455,3
grid1m-800-800-1-1,environment_decode,0.008125,0.00925,3
grid1m-800-800-1-1,frame_allocate_clear,2.414833,2.5023211,3
grid1m-800-800-1-1,lights_shadow_allocate,0.003209,0.0058334,3
grid1m-800-800-1-1,shadow_alpha_allocate,0.001167,0.0012039000000000002,3
grid1m-800-800-1-1,shader_setup_asset_decode,5.516875,5.695375599999999,3
grid1m-800-800-1-1,model_setup,6.47575,6.6620869,3
grid1m-800-800-1-1,bin_and_shadow_shader_allocate,0.5575,0.5630503,3
grid1m-800-800-1-1,shadow_finalize,0.00025,0.0005497,3
grid1m-800-800-1-1,normal_cache_allocate,0.001833,0.0021336000000000003,3
grid1m-800-800-1-1,indexed_main_transforms,0.000459,0.0005336999999999999,3
grid1m-800-800-1-1,main_transform_setup,74.002458,74.7302952,3
grid1m-800-800-1-1,count_normal_cache_payload_bytes,0.0,0.0,3
grid1m-800-800-1-1,count_normal_cache_hits,0.0,0.0,3
grid1m-800-800-1-1,count_normal_cache_misses,0.0,0.0,3
grid1m-800-800-1-1,count_geometric_normal_reuses,0.0,0.0,3
grid1m-800-800-1-1,main_bin_build,9.721,10.0774378,3
grid1m-800-800-1-1,count_main_bin_workers,1.0,1.0,3
grid1m-800-800-1-1,count_main_bin_scratch_bytes,320008.0,320008.0,3
grid1m-800-800-1-1,main_coverage_depth_shading,76.073209,76.4150578,3
grid1m-800-800-1-1,count_main_schedule_scratch_bytes,320000.0,320000.0,3
grid1m-800-800-1-1,count_main_macrotiles,0.0,0.0,3
grid1m-800-800-1-1,count_main_macrotile_edge,0.0,0.0,3
grid1m-800-800-1-1,lines,0.008542,0.015517,3
grid1m-800-800-1-1,count_fragment_capacity_bytes,2560000.0,2560000.0,3
grid1m-800-800-1-1,count_maximum_layers_per_sample,0.0,0.0,3
grid1m-800-800-1-1,count_transparent_touched_samples,0.0,0.0,3
grid1m-800-800-1-1,transparency_resolve,0.32575,0.35709969999999996,3
grid1m-800-800-1-1,depth_conversion,0.003959,0.0045584,3
grid1m-800-800-1-1,remaining_output_setup,0.001709,0.0021203,3
grid1m-800-800-1-1,count_outline_scratch_payload_bytes,0.0,0.0,3
grid1m-800-800-1-1,count_shadow_matrix_payload_bytes,0.0,0.0,3
grid1m-800-800-1-1,count_varying_payload_bytes,72182016.0,72182016.0,3
grid1m-800-800-1-1,count_auxiliary_matrix_payload_bytes,0.0,0.0,3
grid1m-800-800-1-1,count_environment_variant_requests,0.0,0.0,3
grid1m-800-800-1-1,count_environment_resize_variants,0.0,0.0,3
grid1m-800-800-1-1,count_environment_variant_bytes,0.0,0.0,3
grid1m-800-800-1-1,count_texture_decodes,0.0,0.0,3
grid1m-800-800-1-1,count_texture_payload_bytes,0.0,0.0,3
grid1m-800-800-1-1,count_prepared_texture_hits,0.0,0.0,3
grid1m-800-800-1-1,count_prepared_texture_payload_bytes,0.0,0.0,3
grid1m-800-800-1-1,count_indexed_positions,0.0,0.0,3
grid1m-800-800-1-1,count_main_clip_transform_evaluations,3007584.0,3007584.0,3
grid1m-800-800-1-1,count_indexed_transform_payload_bytes,0.0,0.0,3
grid1m-800-800-1-1,count_varying_uv_payload_bytes,0.0,0.0,3
grid1m-800-800-1-1,count_varying_position_payload_bytes,0.0,0.0,3
grid1m-800-800-1-1,count_varying_clip_payload_bytes,0.0,0.0,3
grid1m-800-800-1-1,count_input_triangles,1002528.0,1002528.0,3
grid1m-800-800-1-1,count_models,1.0,1.0,3
grid1m-800-800-1-1,count_materials,2.0,2.0,3
grid1m-800-800-1-1,count_main_tasks,0.0,0.0,3
grid1m-800-800-1-1,count_shadow_tasks,0.0,0.0,3
grid1m-800-800-1-1,count_main_active_blocks,19126.0,19126.0,3
grid1m-800-800-1-1,count_main_bin_references,1434093.0,1434093.0,3
grid1m-800-800-1-1,count_main_setup_count,1002528.0,1002528.0,3
grid1m-800-800-1-1,count_main_post_clip_triangles,1002528.0,1002528.0,3
grid1m-800-800-1-1,count_main_clipped_triangles,0.0,0.0,3
grid1m-800-800-1-1,count_main_culled_primitives,0.0,0.0,3
grid1m-800-800-1-1,count_main_setup_bin_capacity_bytes,190521532.0,190521532.0,3
grid1m-800-800-1-1,count_coverage_block_tests,0.0,0.0,3
grid1m-800-800-1-1,count_coverage_rejected_blocks,0.0,0.0,3
grid1m-800-800-1-1,count_coverage_full_blocks,0.0,0.0,3
grid1m-800-800-1-1,count_coverage_edge_samples,3190783.0,3190783.0,3
grid1m-800-800-1-1,count_coverage_candidates,3190783.0,3190783.0,3
grid1m-800-800-1-1,count_covered_samples,302162.0,302162.0,3
grid1m-800-800-1-1,count_early_z_failures,318.0,318.0,3
grid1m-800-800-1-1,count_shader_calls,301844.0,301844.0,3
grid1m-800-800-1-1,count_transparent_fragments,0.0,0.0,3
grid1m-800-800-1-1,count_visibility_tiles,0.0,0.0,3
grid1m-800-800-1-1,count_visibility_fallbacks,0.0,0.0,3
grid1m-800-800-1-1,count_visibility_coverage_worker_ms,0.0,0.0,3
grid1m-800-800-1-1,count_visibility_shading_worker_ms,0.0,0.0,3
grid1m-800-800-1-1,native_output_assembly,3.177917,3.2608664,3
grid1m-800-800-1-1,native_teardown,3.799542,3.8102664,3
grid1m-800-800-1-1,native_total,180.203,183.1747253,3
normal_shared-800-800-1-1,environment_decode,0.008792,0.009616399999999999,3
normal_shared-800-800-1-1,frame_allocate_clear,2.373042,2.3780298,3
normal_shared-800-800-1-1,lights_shadow_allocate,0.003125,0.0036496999999999996,3
normal_shared-800-800-1-1,shadow_alpha_allocate,0.001042,0.0011167,3
normal_shared-800-800-1-1,shader_setup_asset_decode,5.697625,5.9246122,3
normal_shared-800-800-1-1,model_setup,3.900667,4.0108423,3
normal_shared-800-800-1-1,bin_and_shadow_shader_allocate,0.548083,0.568333,3
normal_shared-800-800-1-1,shadow_finalize,0.000208,0.0002458,3
normal_shared-800-800-1-1,normal_cache_allocate,0.0015,0.0023622,3
normal_shared-800-800-1-1,indexed_main_transforms,0.000375,0.0004119,3
normal_shared-800-800-1-1,main_transform_setup,85.068792,85.4379792,3
normal_shared-800-800-1-1,count_normal_cache_payload_bytes,0.0,0.0,3
normal_shared-800-800-1-1,count_normal_cache_hits,0.0,0.0,3
normal_shared-800-800-1-1,count_normal_cache_misses,0.0,0.0,3
normal_shared-800-800-1-1,count_geometric_normal_reuses,0.0,0.0,3
normal_shared-800-800-1-1,main_bin_build,10.072542,10.5051792,3
normal_shared-800-800-1-1,count_main_bin_workers,1.0,1.0,3
normal_shared-800-800-1-1,count_main_bin_scratch_bytes,320008.0,320008.0,3
normal_shared-800-800-1-1,main_coverage_depth_shading,89.62675,89.6274619,3
normal_shared-800-800-1-1,count_main_schedule_scratch_bytes,320000.0,320000.0,3
normal_shared-800-800-1-1,count_main_macrotiles,0.0,0.0,3
normal_shared-800-800-1-1,count_main_macrotile_edge,0.0,0.0,3
normal_shared-800-800-1-1,lines,0.0125,0.0130625,3
normal_shared-800-800-1-1,count_fragment_capacity_bytes,2560000.0,2560000.0,3
normal_shared-800-800-1-1,count_maximum_layers_per_sample,0.0,0.0,3
normal_shared-800-800-1-1,count_transparent_touched_samples,0.0,0.0,3
normal_shared-800-800-1-1,transparency_resolve,0.336083,0.3422336,3
normal_shared-800-800-1-1,depth_conversion,0.003459,0.0034959,3
normal_shared-800-800-1-1,remaining_output_setup,0.00175,0.0018247,3
normal_shared-800-800-1-1,count_outline_scratch_payload_bytes,0.0,0.0,3
normal_shared-800-800-1-1,count_shadow_matrix_payload_bytes,0.0,0.0,3
normal_shared-800-800-1-1,count_varying_payload_bytes,72182016.0,72182016.0,3
normal_shared-800-800-1-1,count_auxiliary_matrix_payload_bytes,0.0,0.0,3
normal_shared-800-800-1-1,count_environment_variant_requests,0.0,0.0,3
normal_shared-800-800-1-1,count_environment_resize_variants,0.0,0.0,3
normal_shared-800-800-1-1,count_environment_variant_bytes,0.0,0.0,3
normal_shared-800-800-1-1,count_texture_decodes,0.0,0.0,3
normal_shared-800-800-1-1,count_texture_payload_bytes,0.0,0.0,3
normal_shared-800-800-1-1,count_prepared_texture_hits,0.0,0.0,3
normal_shared-800-800-1-1,count_prepared_texture_payload_bytes,0.0,0.0,3
normal_shared-800-800-1-1,count_indexed_positions,0.0,0.0,3
normal_shared-800-800-1-1,count_main_clip_transform_evaluations,3007584.0,3007584.0,3
normal_shared-800-800-1-1,count_indexed_transform_payload_bytes,0.0,0.0,3
normal_shared-800-800-1-1,count_varying_uv_payload_bytes,0.0,0.0,3
normal_shared-800-800-1-1,count_varying_position_payload_bytes,0.0,0.0,3
normal_shared-800-800-1-1,count_varying_clip_payload_bytes,0.0,0.0,3
normal_shared-800-800-1-1,count_input_triangles,1002528.0,1002528.0,3
normal_shared-800-800-1-1,count_models,1.0,1.0,3
normal_shared-800-800-1-1,count_materials,2.0,2.0,3
normal_shared-800-800-1-1,count_main_tasks,0.0,0.0,3
normal_shared-800-800-1-1,count_shadow_tasks,0.0,0.0,3
normal_shared-800-800-1-1,count_main_active_blocks,19126.0,19126.0,3
normal_shared-800-800-1-1,count_main_bin_references,1434093.0,1434093.0,3
normal_shared-800-800-1-1,count_main_setup_count,1002528.0,1002528.0,3
normal_shared-800-800-1-1,count_main_post_clip_triangles,1002528.0,1002528.0,3
normal_shared-800-800-1-1,count_main_clipped_triangles,0.0,0.0,3
normal_shared-800-800-1-1,count_main_culled_primitives,0.0,0.0,3
normal_shared-800-800-1-1,count_main_setup_bin_capacity_bytes,190521532.0,190521532.0,3
normal_shared-800-800-1-1,count_coverage_block_tests,0.0,0.0,3
normal_shared-800-800-1-1,count_coverage_rejected_blocks,0.0,0.0,3
normal_shared-800-800-1-1,count_coverage_full_blocks,0.0,0.0,3
normal_shared-800-800-1-1,count_coverage_edge_samples,3190783.0,3190783.0,3
normal_shared-800-800-1-1,count_coverage_candidates,3190783.0,3190783.0,3
normal_shared-800-800-1-1,count_covered_samples,302058.0,302058.0,3
normal_shared-800-800-1-1,count_early_z_failures,273.0,273.0,3
normal_shared-800-800-1-1,count_shader_calls,301785.0,301785.0,3
normal_shared-800-800-1-1,count_transparent_fragments,0.0,0.0,3
normal_shared-800-800-1-1,count_visibility_tiles,0.0,0.0,3
normal_shared-800-800-1-1,count_visibility_fallbacks,0.0,0.0,3
normal_shared-800-800-1-1,count_visibility_coverage_worker_ms,0.0,0.0,3
normal_shared-800-800-1-1,count_visibility_shading_worker_ms,0.0,0.0,3
normal_shared-800-800-1-1,native_output_assembly,3.219875,4.0428503000000005,3
normal_shared-800-800-1-1,native_teardown,3.985334,4.2305462,3
normal_shared-800-800-1-1,native_total,204.70575,205.64868719999998,3
shadow-800-800-1-1,environment_decode,0.009041,0.0096422,3
shadow-800-800-1-1,frame_allocate_clear,2.612083,2.6298589,3
shadow-800-800-1-1,lights_shadow_allocate,0.052667,0.0534536,3
shadow-800-800-1-1,shadow_alpha_allocate,0.186959,0.2007209,3
shadow-800-800-1-1,shader_setup_asset_decode,0.030208,0.0312583,3
shadow-800-800-1-1,model_setup,0.008958,0.011133299999999999,3
shadow-800-800-1-1,bin_and_shadow_shader_allocate,0.611042,0.6330541999999999,3
shadow-800-800-1-1,shadow_0_transform_setup,0.079667,0.0850661,3
shadow-800-800-1-1,shadow_0_bin_build,0.052458,0.0550833,3
shadow-800-800-1-1,count_shadow_0_bin_workers,1.0,1.0,3
shadow-800-800-1-1,count_shadow_0_bin_scratch_bytes,32776.0,32776.0,3
shadow-800-800-1-1,shadow_0_coverage_shading,0.716417,0.7174664,3
shadow-800-800-1-1,count_shadow_0_schedule_scratch_bytes,32768.0,32768.0,3
shadow-800-800-1-1,count_shadow_0_macrotiles,0.0,0.0,3
shadow-800-800-1-1,count_shadow_0_fragment_capacity_bytes,262144.0,262144.0,3
shadow-800-800-1-1,count_shadow_0_has_transparent_samples,0.0,0.0,3
shadow-800-800-1-1,shadow_0_transparency_resolve,0.032625,0.032813100000000005,3
shadow-800-800-1-1,shadow_0_clear,0.007375,0.0076369,3
shadow-800-800-1-1,shadow_finalize,0.000667,0.0007048,3
shadow-800-800-1-1,normal_cache_allocate,0.002209,0.0035202999999999996,3
shadow-800-800-1-1,indexed_main_transforms,8.3e-05,0.0001964,3
shadow-800-800-1-1,main_transform_setup,0.147958,0.1543705,3
shadow-800-800-1-1,count_normal_cache_payload_bytes,0.0,0.0,3
shadow-800-800-1-1,count_normal_cache_hits,0.0,0.0,3
shadow-800-800-1-1,count_normal_cache_misses,0.0,0.0,3
shadow-800-800-1-1,count_geometric_normal_reuses,0.0,0.0,3
shadow-800-800-1-1,main_bin_build,0.146084,0.1521212,3
shadow-800-800-1-1,count_main_bin_workers,1.0,1.0,3
shadow-800-800-1-1,count_main_bin_scratch_bytes,320008.0,320008.0,3
shadow-800-800-1-1,main_coverage_depth_shading,14.880916,14.8872169,3
shadow-800-800-1-1,count_main_schedule_scratch_bytes,320000.0,320000.0,3
shadow-800-800-1-1,count_main_macrotiles,0.0,0.0,3
shadow-800-800-1-1,count_main_macrotile_edge,0.0,0.0,3
shadow-800-800-1-1,lines,0.005125,0.014424699999999999,3
shadow-800-800-1-1,count_fragment_capacity_bytes,2560000.0,2560000.0,3
shadow-800-800-1-1,count_maximum_layers_per_sample,0.0,0.0,3
shadow-800-800-1-1,count_transparent_touched_samples,0.0,0.0,3
shadow-800-800-1-1,transparency_resolve,0.325959,0.3409584,3
shadow-800-800-1-1,depth_conversion,0.002208,0.0033708,3
shadow-800-800-1-1,remaining_output_setup,0.001375,0.0014875,3
shadow-800-800-1-1,count_outline_scratch_payload_bytes,0.0,0.0,3
shadow-800-800-1-1,count_shadow_matrix_payload_bytes,3145728.0,3145728.0,3
shadow-800-800-1-1,count_varying_payload_bytes,161280.0,161280.0,3
shadow-800-800-1-1,count_auxiliary_matrix_payload_bytes,0.0,0.0,3
shadow-800-800-1-1,count_environment_variant_requests,0.0,0.0,3
shadow-800-800-1-1,count_environment_resize_variants,0.0,0.0,3
shadow-800-800-1-1,count_environment_variant_bytes,0.0,0.0,3
shadow-800-800-1-1,count_texture_decodes,0.0,0.0,3
shadow-800-800-1-1,count_texture_payload_bytes,0.0,0.0,3
shadow-800-800-1-1,count_prepared_texture_hits,0.0,0.0,3
shadow-800-800-1-1,count_prepared_texture_payload_bytes,0.0,0.0,3
shadow-800-800-1-1,count_indexed_positions,0.0,0.0,3
shadow-800-800-1-1,count_main_clip_transform_evaluations,2880.0,2880.0,3
shadow-800-800-1-1,count_indexed_transform_payload_bytes,0.0,0.0,3
shadow-800-800-1-1,count_varying_uv_payload_bytes,0.0,0.0,3
shadow-800-800-1-1,count_varying_position_payload_bytes,0.0,0.0,3
shadow-800-800-1-1,count_varying_clip_payload_bytes,92160.0,92160.0,3
shadow-800-800-1-1,count_input_triangles,960.0,960.0,3
shadow-800-800-1-1,count_models,1.0,1.0,3
shadow-800-800-1-1,count_materials,2.0,2.0,3
shadow-800-800-1-1,count_main_tasks,0.0,0.0,3
shadow-800-800-1-1,count_shadow_tasks,0.0,0.0,3
shadow-800-800-1-1,count_main_active_blocks,17125.0,17125.0,3
shadow-800-800-1-1,count_main_bin_references,50211.0,50211.0,3
shadow-800-800-1-1,count_main_setup_count,960.0,960.0,3
shadow-800-800-1-1,count_main_post_clip_triangles,960.0,960.0,3
shadow-800-800-1-1,count_main_clipped_triangles,0.0,0.0,3
shadow-800-800-1-1,count_main_culled_primitives,632.0,632.0,3
shadow-800-800-1-1,count_main_setup_bin_capacity_bytes,697492.0,697492.0,3
shadow-800-800-1-1,count_coverage_block_tests,0.0,0.0,3
shadow-800-800-1-1,count_coverage_rejected_blocks,0.0,0.0,3
shadow-800-800-1-1,count_coverage_full_blocks,0.0,0.0,3
shadow-800-800-1-1,count_coverage_edge_samples,712086.0,712086.0,3
shadow-800-800-1-1,count_coverage_candidates,712086.0,712086.0,3
shadow-800-800-1-1,count_covered_samples,250740.0,250740.0,3
shadow-800-800-1-1,count_early_z_failures,292.0,292.0,3
shadow-800-800-1-1,count_shader_calls,250448.0,250448.0,3
shadow-800-800-1-1,count_transparent_fragments,0.0,0.0,3
shadow-800-800-1-1,count_visibility_tiles,0.0,0.0,3
shadow-800-800-1-1,count_visibility_fallbacks,0.0,0.0,3
shadow-800-800-1-1,count_visibility_coverage_worker_ms,0.0,0.0,3
shadow-800-800-1-1,count_visibility_shading_worker_ms,0.0,0.0,3
shadow-800-800-1-1,native_output_assembly,0.797042,0.8404292,3
shadow-800-800-1-1,native_teardown,0.165042,0.27214109999999997,3
shadow-800-800-1-1,native_total,20.837708,20.8960208,3
small-800-800-1-1,environment_decode,0.00775,0.0082,3
small-800-800-1-1,frame_allocate_clear,2.403042,2.6380923,3
small-800-800-1-1,lights_shadow_allocate,0.002625,0.0026619,3
small-800-800-1-1,shadow_alpha_allocate,0.00125,0.001475,3
small-800-800-1-1,shader_setup_asset_decode,0.016125,0.0171744,3
small-800-800-1-1,model_setup,0.005292,0.005442300000000001,3
small-800-800-1-1,bin_and_shadow_shader_allocate,0.4995,0.5756625,3
small-800-800-1-1,shadow_finalize,0.000125,0.00019969999999999998,3
small-800-800-1-1,normal_cache_allocate,0.001208,0.0012458,3
small-800-800-1-1,indexed_main_transforms,0.00025,0.0003256,3
small-800-800-1-1,main_transform_setup,0.088584,0.0939084,3
small-800-800-1-1,count_normal_cache_payload_bytes,0.0,0.0,3
small-800-800-1-1,count_normal_cache_hits,0.0,0.0,3
small-800-800-1-1,count_normal_cache_misses,0.0,0.0,3
small-800-800-1-1,count_geometric_normal_reuses,0.0,0.0,3
small-800-800-1-1,main_bin_build,0.043292,0.044791399999999995,3
small-800-800-1-1,count_main_bin_workers,1.0,1.0,3
small-800-800-1-1,count_main_bin_scratch_bytes,320008.0,320008.0,3
small-800-800-1-1,main_coverage_depth_shading,3.523292,3.7802042,3
small-800-800-1-1,count_main_schedule_scratch_bytes,320000.0,320000.0,3
small-800-800-1-1,count_main_macrotiles,0.0,0.0,3
small-800-800-1-1,count_main_macrotile_edge,0.0,0.0,3
small-800-800-1-1,lines,0.001958,0.0024089,3
small-800-800-1-1,count_fragment_capacity_bytes,2560000.0,2560000.0,3
small-800-800-1-1,count_maximum_layers_per_sample,0.0,0.0,3
small-800-800-1-1,count_transparent_touched_samples,0.0,0.0,3
small-800-800-1-1,transparency_resolve,0.322125,0.3425622,3
small-800-800-1-1,depth_conversion,0.000792,0.0008288999999999999,3
small-800-800-1-1,remaining_output_setup,0.001,0.0011881,3
small-800-800-1-1,count_outline_scratch_payload_bytes,0.0,0.0,3
small-800-800-1-1,count_shadow_matrix_payload_bytes,0.0,0.0,3
small-800-800-1-1,count_varying_payload_bytes,864.0,864.0,3
small-800-800-1-1,count_auxiliary_matrix_payload_bytes,0.0,0.0,3
small-800-800-1-1,count_environment_variant_requests,0.0,0.0,3
small-800-800-1-1,count_environment_resize_variants,0.0,0.0,3
small-800-800-1-1,count_environment_variant_bytes,0.0,0.0,3
small-800-800-1-1,count_texture_decodes,0.0,0.0,3
small-800-800-1-1,count_texture_payload_bytes,0.0,0.0,3
small-800-800-1-1,count_prepared_texture_hits,0.0,0.0,3
small-800-800-1-1,count_prepared_texture_payload_bytes,0.0,0.0,3
small-800-800-1-1,count_indexed_positions,0.0,0.0,3
small-800-800-1-1,count_main_clip_transform_evaluations,36.0,36.0,3
small-800-800-1-1,count_indexed_transform_payload_bytes,0.0,0.0,3
small-800-800-1-1,count_varying_uv_payload_bytes,0.0,0.0,3
small-800-800-1-1,count_varying_position_payload_bytes,0.0,0.0,3
small-800-800-1-1,count_varying_clip_payload_bytes,0.0,0.0,3
small-800-800-1-1,count_input_triangles,12.0,12.0,3
small-800-800-1-1,count_models,1.0,1.0,3
small-800-800-1-1,count_materials,2.0,2.0,3
small-800-800-1-1,count_main_tasks,0.0,0.0,3
small-800-800-1-1,count_shadow_tasks,0.0,0.0,3
small-800-800-1-1,count_main_active_blocks,6400.0,6400.0,3
small-800-800-1-1,count_main_bin_references,12800.0,12800.0,3
small-800-800-1-1,count_main_setup_count,12.0,12.0,3
small-800-800-1-1,count_main_post_clip_triangles,12.0,12.0,3
small-800-800-1-1,count_main_clipped_triangles,0.0,0.0,3
small-800-800-1-1,count_main_culled_primitives,10.0,10.0,3
small-800-800-1-1,count_main_setup_bin_capacity_bytes,373416.0,373416.0,3
small-800-800-1-1,count_coverage_block_tests,0.0,0.0,3
small-800-800-1-1,count_coverage_rejected_blocks,0.0,0.0,3
small-800-800-1-1,count_coverage_full_blocks,0.0,0.0,3
small-800-800-1-1,count_coverage_edge_samples,198450.0,198450.0,3
small-800-800-1-1,count_coverage_candidates,198450.0,198450.0,3
small-800-800-1-1,count_covered_samples,97969.0,97969.0,3
small-800-800-1-1,count_early_z_failures,0.0,0.0,3
small-800-800-1-1,count_shader_calls,97969.0,97969.0,3
small-800-800-1-1,count_transparent_fragments,0.0,0.0,3
small-800-800-1-1,count_visibility_tiles,0.0,0.0,3
small-800-800-1-1,count_visibility_fallbacks,0.0,0.0,3
small-800-800-1-1,count_visibility_coverage_worker_ms,0.0,0.0,3
small-800-800-1-1,count_visibility_shading_worker_ms,0.0,0.0,3
small-800-800-1-1,native_output_assembly,0.6,0.7198125,3
small-800-800-1-1,native_teardown,0.038084,0.0485456,3
small-800-800-1-1,native_total,7.542042,8.2824045,3
ssao-800-800-1-1,environment_decode,0.007625,0.007775300000000001,3
ssao-800-800-1-1,frame_allocate_clear,5.115208,5.1637711,3
ssao-800-800-1-1,lights_shadow_allocate,0.002625,0.0029625,3
ssao-800-800-1-1,shadow_alpha_allocate,0.001209,0.0012459,3
ssao-800-800-1-1,shader_setup_asset_decode,0.017,0.0180494,3
ssao-800-800-1-1,model_setup,0.008709,0.0087828,3
ssao-800-800-1-1,bin_and_shadow_shader_allocate,0.514667,0.5269672999999999,3
ssao-800-800-1-1,shadow_finalize,0.000208,0.000208,3
ssao-800-800-1-1,normal_cache_allocate,0.001125,0.001125,3
ssao-800-800-1-1,indexed_main_transforms,0.000333,0.0004086,3
ssao-800-800-1-1,main_transform_setup,0.145917,0.145917,3
ssao-800-800-1-1,count_normal_cache_payload_bytes,0.0,0.0,3
ssao-800-800-1-1,count_normal_cache_hits,0.0,0.0,3
ssao-800-800-1-1,count_normal_cache_misses,0.0,0.0,3
ssao-800-800-1-1,count_geometric_normal_reuses,0.0,0.0,3
ssao-800-800-1-1,main_bin_build,0.125208,0.1275336,3
ssao-800-800-1-1,count_main_bin_workers,1.0,1.0,3
ssao-800-800-1-1,count_main_bin_scratch_bytes,320008.0,320008.0,3
ssao-800-800-1-1,main_coverage_depth_shading,13.410583,14.024983299999999,3
ssao-800-800-1-1,count_main_schedule_scratch_bytes,320000.0,320000.0,3
ssao-800-800-1-1,count_main_macrotiles,0.0,0.0,3
ssao-800-800-1-1,count_main_macrotile_edge,0.0,0.0,3
ssao-800-800-1-1,ssao,85.571083,88.1553961,3
ssao-800-800-1-1,lines,0.0035,0.0117872,3
ssao-800-800-1-1,count_fragment_capacity_bytes,2560000.0,2560000.0,3
ssao-800-800-1-1,count_maximum_layers_per_sample,0.0,0.0,3
ssao-800-800-1-1,count_transparent_touched_samples,0.0,0.0,3
ssao-800-800-1-1,transparency_resolve,0.325917,0.3395673,3
ssao-800-800-1-1,depth_conversion,0.001667,0.0024167,3
ssao-800-800-1-1,remaining_output_setup,0.00175,0.0018993999999999999,3
ssao-800-800-1-1,count_outline_scratch_payload_bytes,0.0,0.0,3
ssao-800-800-1-1,count_shadow_matrix_payload_bytes,0.0,0.0,3
ssao-800-800-1-1,count_varying_payload_bytes,138240.0,138240.0,3
ssao-800-800-1-1,count_auxiliary_matrix_payload_bytes,35840000.0,35840000.0,3
ssao-800-800-1-1,count_environment_variant_requests,0.0,0.0,3
ssao-800-800-1-1,count_environment_resize_variants,0.0,0.0,3
ssao-800-800-1-1,count_environment_variant_bytes,0.0,0.0,3
ssao-800-800-1-1,count_texture_decodes,0.0,0.0,3
ssao-800-800-1-1,count_texture_payload_bytes,0.0,0.0,3
ssao-800-800-1-1,count_prepared_texture_hits,0.0,0.0,3
ssao-800-800-1-1,count_prepared_texture_payload_bytes,0.0,0.0,3
ssao-800-800-1-1,count_indexed_positions,0.0,0.0,3
ssao-800-800-1-1,count_main_clip_transform_evaluations,2880.0,2880.0,3
ssao-800-800-1-1,count_indexed_transform_payload_bytes,0.0,0.0,3
ssao-800-800-1-1,count_varying_uv_payload_bytes,0.0,0.0,3
ssao-800-800-1-1,count_varying_position_payload_bytes,69120.0,69120.0,3
ssao-800-800-1-1,count_varying_clip_payload_bytes,0.0,0.0,3
ssao-800-800-1-1,count_input_triangles,960.0,960.0,3
ssao-800-800-1-1,count_models,1.0,1.0,3
ssao-800-800-1-1,count_materials,2.0,2.0,3
ssao-800-800-1-1,count_main_tasks,0.0,0.0,3
ssao-800-800-1-1,count_shadow_tasks,0.0,0.0,3
ssao-800-800-1-1,count_main_active_blocks,17125.0,17125.0,3
ssao-800-800-1-1,count_main_bin_references,50211.0,50211.0,3
ssao-800-800-1-1,count_main_setup_count,960.0,960.0,3
ssao-800-800-1-1,count_main_post_clip_triangles,960.0,960.0,3
ssao-800-800-1-1,count_main_clipped_triangles,0.0,0.0,3
ssao-800-800-1-1,count_main_culled_primitives,632.0,632.0,3
ssao-800-800-1-1,count_main_setup_bin_capacity_bytes,697492.0,697492.0,3
ssao-800-800-1-1,count_coverage_block_tests,0.0,0.0,3
ssao-800-800-1-1,count_coverage_rejected_blocks,0.0,0.0,3
ssao-800-800-1-1,count_coverage_full_blocks,0.0,0.0,3
ssao-800-800-1-1,count_coverage_edge_samples,712086.0,712086.0,3
ssao-800-800-1-1,count_coverage_candidates,712086.0,712086.0,3
ssao-800-800-1-1,count_covered_samples,250740.0,250740.0,3
ssao-800-800-1-1,count_early_z_failures,292.0,292.0,3
ssao-800-800-1-1,count_shader_calls,250448.0,250448.0,3
ssao-800-800-1-1,count_transparent_fragments,0.0,0.0,3
ssao-800-800-1-1,count_visibility_tiles,0.0,0.0,3
ssao-800-800-1-1,count_visibility_fallbacks,0.0,0.0,3
ssao-800-800-1-1,count_visibility_coverage_worker_ms,0.0,0.0,3
ssao-800-800-1-1,count_visibility_shading_worker_ms,0.0,0.0,3
ssao-800-800-1-1,native_output_assembly,0.6195,0.6347999999999999,3
ssao-800-800-1-1,native_teardown,0.041291,0.0489419,3
ssao-800-800-1-1,native_total,105.98475,108.9847497,3
tangent_overdraw-800-800-1-1,environment_decode,0.009792,0.010242000000000001,3
tangent_overdraw-800-800-1-1,frame_allocate_clear,2.517166,2.7398035,3
tangent_overdraw-800-800-1-1,lights_shadow_allocate,0.003042,0.0037548,3
tangent_overdraw-800-800-1-1,shadow_alpha_allocate,0.001083,0.001308,3
tangent_overdraw-800-800-1-1,shader_setup_asset_decode,0.1645,0.17072530000000002,3
tangent_overdraw-800-800-1-1,model_setup,0.01,0.010337500000000001,3
tangent_overdraw-800-800-1-1,bin_and_shadow_shader_allocate,0.557375,0.5705374999999999,3
tangent_overdraw-800-800-1-1,shadow_finalize,0.000166,0.00020470000000000002,3
tangent_overdraw-800-800-1-1,normal_cache_allocate,0.00125,0.00125,3
tangent_overdraw-800-800-1-1,indexed_main_transforms,0.000417,0.0004917,3
tangent_overdraw-800-800-1-1,main_transform_setup,0.122375,0.1238375,3
tangent_overdraw-800-800-1-1,count_normal_cache_payload_bytes,0.0,0.0,3
tangent_overdraw-800-800-1-1,count_normal_cache_hits,0.0,0.0,3
tangent_overdraw-800-800-1-1,count_normal_cache_misses,0.0,0.0,3
tangent_overdraw-800-800-1-1,count_geometric_normal_reuses,0.0,0.0,3
tangent_overdraw-800-800-1-1,main_bin_build,1.376541,1.7102916,3
tangent_overdraw-800-800-1-1,count_main_bin_workers,1.0,1.0,3
tangent_overdraw-800-800-1-1,count_main_bin_scratch_bytes,320008.0,320008.0,3
tangent_overdraw-800-800-1-1,main_coverage_depth_shading,572.128,577.7923003,3
tangent_overdraw-800-800-1-1,count_main_schedule_scratch_bytes,320000.0,320000.0,3
tangent_overdraw-800-800-1-1,count_main_macrotiles,0.0,0.0,3
tangent_overdraw-800-800-1-1,count_main_macrotile_edge,0.0,0.0,3
tangent_overdraw-800-800-1-1,lines,0.013666,0.017528799999999997,3
tangent_overdraw-800-800-1-1,count_fragment_capacity_bytes,2560000.0,2560000.0,3
tangent_overdraw-800-800-1-1,count_maximum_layers_per_sample,0.0,0.0,3
tangent_overdraw-800-800-1-1,count_transparent_touched_samples,0.0,0.0,3
tangent_overdraw-800-800-1-1,transparency_resolve,0.32275,0.3245131,3
tangent_overdraw-800-800-1-1,depth_conversion,0.004458,0.0067458,3
tangent_overdraw-800-800-1-1,remaining_output_setup,0.001458,0.0021707999999999996,3
tangent_overdraw-800-800-1-1,count_outline_scratch_payload_bytes,0.0,0.0,3
tangent_overdraw-800-800-1-1,count_shadow_matrix_payload_bytes,0.0,0.0,3
tangent_overdraw-800-800-1-1,count_varying_payload_bytes,147456.0,147456.0,3
tangent_overdraw-800-800-1-1,count_auxiliary_matrix_payload_bytes,0.0,0.0,3
tangent_overdraw-800-800-1-1,count_environment_variant_requests,0.0,0.0,3
tangent_overdraw-800-800-1-1,count_environment_resize_variants,0.0,0.0,3
tangent_overdraw-800-800-1-1,count_environment_variant_bytes,0.0,0.0,3
tangent_overdraw-800-800-1-1,count_texture_decodes,1.0,1.0,3
tangent_overdraw-800-800-1-1,count_texture_payload_bytes,48.0,48.0,3
tangent_overdraw-800-800-1-1,count_prepared_texture_hits,0.0,0.0,3
tangent_overdraw-800-800-1-1,count_prepared_texture_payload_bytes,0.0,0.0,3
tangent_overdraw-800-800-1-1,count_indexed_positions,0.0,0.0,3
tangent_overdraw-800-800-1-1,count_main_clip_transform_evaluations,1536.0,1536.0,3
tangent_overdraw-800-800-1-1,count_indexed_transform_payload_bytes,0.0,0.0,3
tangent_overdraw-800-800-1-1,count_varying_uv_payload_bytes,36864.0,36864.0,3
tangent_overdraw-800-800-1-1,count_varying_position_payload_bytes,0.0,0.0,3
tangent_overdraw-800-800-1-1,count_varying_clip_payload_bytes,0.0,0.0,3
tangent_overdraw-800-800-1-1,count_input_triangles,512.0,512.0,3
tangent_overdraw-800-800-1-1,count_models,1.0,1.0,3
tangent_overdraw-800-800-1-1,count_materials,2.0,2.0,3
tangent_overdraw-800-800-1-1,count_main_tasks,0.0,0.0,3
tangent_overdraw-800-800-1-1,count_shadow_tasks,0.0,0.0,3
tangent_overdraw-800-800-1-1,count_main_active_blocks,19290.0,19290.0,3
tangent_overdraw-800-800-1-1,count_main_bin_references,600049.0,600049.0,3
tangent_overdraw-800-800-1-1,count_main_setup_count,512.0,512.0,3
tangent_overdraw-800-800-1-1,count_main_post_clip_triangles,512.0,512.0,3
tangent_overdraw-800-800-1-1,count_main_clipped_triangles,0.0,0.0,3
tangent_overdraw-800-800-1-1,count_main_culled_primitives,0.0,0.0,3
tangent_overdraw-800-800-1-1,count_main_setup_bin_capacity_bytes,2814412.0,2814412.0,3
tangent_overdraw-800-800-1-1,count_coverage_block_tests,0.0,0.0,3
tangent_overdraw-800-800-1-1,count_coverage_rejected_blocks,0.0,0.0,3
tangent_overdraw-800-800-1-1,count_coverage_full_blocks,0.0,0.0,3
tangent_overdraw-800-800-1-1,count_coverage_edge_samples,9176125.0,9176125.0,3
tangent_overdraw-800-800-1-1,count_coverage_candidates,9176125.0,9176125.0,3
tangent_overdraw-800-800-1-1,count_covered_samples,4498791.0,4498791.0,3
tangent_overdraw-800-800-1-1,count_early_z_failures,3875.0,3875.0,3
tangent_overdraw-800-800-1-1,count_shader_calls,4494916.0,4494916.0,3
tangent_overdraw-800-800-1-1,count_transparent_fragments,0.0,0.0,3
tangent_overdraw-800-800-1-1,count_visibility_tiles,0.0,0.0,3
tangent_overdraw-800-800-1-1,count_visibility_fallbacks,0.0,0.0,3
tangent_overdraw-800-800-1-1,count_visibility_coverage_worker_ms,0.0,0.0,3
tangent_overdraw-800-800-1-1,count_visibility_shading_worker_ms,0.0,0.0,3
tangent_overdraw-800-800-1-1,native_output_assembly,0.792917,1.397942,3
tangent_overdraw-800-800-1-1,native_teardown,0.323958,0.4214586,3
tangent_overdraw-800-800-1-1,native_total,578.565,584.2579499999999,3
toon-800-800-1-1,environment_decode,0.009208,0.0097705,3
toon-800-800-1-1,frame_allocate_clear,3.790792,3.824767,3
toon-800-800-1-1,lights_shadow_allocate,0.003,0.00345,3
toon-800-800-1-1,shadow_alpha_allocate,0.001125,0.0011628,3
toon-800-800-1-1,shader_setup_asset_decode,0.016083,0.017320500000000003,3
toon-800-800-1-1,model_setup,0.008875,0.0089128,3
toon-800-800-1-1,bin_and_shadow_shader_allocate,0.554625,0.5800500000000001,3
toon-800-800-1-1,shadow_finalize,0.000334,0.00040779999999999994,3
toon-800-800-1-1,normal_cache_allocate,0.001042,0.0015666999999999999,3
toon-800-800-1-1,indexed_main_transforms,0.0005,0.0005,3
toon-800-800-1-1,main_transform_setup,0.138875,0.140675,3
toon-800-800-1-1,count_normal_cache_payload_bytes,0.0,0.0,3
toon-800-800-1-1,count_normal_cache_hits,0.0,0.0,3
toon-800-800-1-1,count_normal_cache_misses,0.0,0.0,3
toon-800-800-1-1,count_geometric_normal_reuses,0.0,0.0,3
toon-800-800-1-1,main_bin_build,0.125625,0.1308,3
toon-800-800-1-1,count_main_bin_workers,1.0,1.0,3
toon-800-800-1-1,count_main_bin_scratch_bytes,320008.0,320008.0,3
toon-800-800-1-1,main_coverage_depth_shading,11.300041,11.662929100000001,3
toon-800-800-1-1,count_main_schedule_scratch_bytes,320000.0,320000.0,3
toon-800-800-1-1,count_main_macrotiles,0.0,0.0,3
toon-800-800-1-1,count_main_macrotile_edge,0.0,0.0,3
toon-800-800-1-1,lines,0.003792,0.0041294999999999995,3
toon-800-800-1-1,count_fragment_capacity_bytes,2560000.0,2560000.0,3
toon-800-800-1-1,count_maximum_layers_per_sample,0.0,0.0,3
toon-800-800-1-1,count_transparent_touched_samples,0.0,0.0,3
toon-800-800-1-1,transparency_resolve,0.329792,0.3342173,3
toon-800-800-1-1,depth_conversion,11.747041,11.9629663,3
toon-800-800-1-1,outlines,113.006583,113.9803461,3
toon-800-800-1-1,remaining_output_setup,0.018542,0.018992,3
toon-800-800-1-1,count_outline_scratch_payload_bytes,76800000.0,76800000.0,3
toon-800-800-1-1,count_shadow_matrix_payload_bytes,0.0,0.0,3
toon-800-800-1-1,count_varying_payload_bytes,69120.0,69120.0,3
toon-800-800-1-1,count_auxiliary_matrix_payload_bytes,20480000.0,20480000.0,3
toon-800-800-1-1,count_environment_variant_requests,0.0,0.0,3
toon-800-800-1-1,count_environment_resize_variants,0.0,0.0,3
toon-800-800-1-1,count_environment_variant_bytes,0.0,0.0,3
toon-800-800-1-1,count_texture_decodes,0.0,0.0,3
toon-800-800-1-1,count_texture_payload_bytes,0.0,0.0,3
toon-800-800-1-1,count_prepared_texture_hits,0.0,0.0,3
toon-800-800-1-1,count_prepared_texture_payload_bytes,0.0,0.0,3
toon-800-800-1-1,count_indexed_positions,0.0,0.0,3
toon-800-800-1-1,count_main_clip_transform_evaluations,2880.0,2880.0,3
toon-800-800-1-1,count_indexed_transform_payload_bytes,0.0,0.0,3
toon-800-800-1-1,count_varying_uv_payload_bytes,0.0,0.0,3
toon-800-800-1-1,count_varying_position_payload_bytes,0.0,0.0,3
toon-800-800-1-1,count_varying_clip_payload_bytes,0.0,0.0,3
toon-800-800-1-1,count_input_triangles,960.0,960.0,3
toon-800-800-1-1,count_models,1.0,1.0,3
toon-800-800-1-1,count_materials,2.0,2.0,3
toon-800-800-1-1,count_main_tasks,0.0,0.0,3
toon-800-800-1-1,count_shadow_tasks,0.0,0.0,3
toon-800-800-1-1,count_main_active_blocks,17125.0,17125.0,3
toon-800-800-1-1,count_main_bin_references,50211.0,50211.0,3
toon-800-800-1-1,count_main_setup_count,960.0,960.0,3
toon-800-800-1-1,count_main_post_clip_triangles,960.0,960.0,3
toon-800-800-1-1,count_main_clipped_triangles,0.0,0.0,3
toon-800-800-1-1,count_main_culled_primitives,632.0,632.0,3
toon-800-800-1-1,count_main_setup_bin_capacity_bytes,697492.0,697492.0,3
toon-800-800-1-1,count_coverage_block_tests,0.0,0.0,3
toon-800-800-1-1,count_coverage_rejected_blocks,0.0,0.0,3
toon-800-800-1-1,count_coverage_full_blocks,0.0,0.0,3
toon-800-800-1-1,count_coverage_edge_samples,712086.0,712086.0,3
toon-800-800-1-1,count_coverage_candidates,712086.0,712086.0,3
toon-800-800-1-1,count_covered_samples,250740.0,250740.0,3
toon-800-800-1-1,count_early_z_failures,292.0,292.0,3
toon-800-800-1-1,count_shader_calls,250448.0,250448.0,3
toon-800-800-1-1,count_transparent_fragments,0.0,0.0,3
toon-800-800-1-1,count_visibility_tiles,0.0,0.0,3
toon-800-800-1-1,count_visibility_fallbacks,0.0,0.0,3
toon-800-800-1-1,count_visibility_coverage_worker_ms,0.0,0.0,3
toon-800-800-1-1,count_visibility_shading_worker_ms,0.0,0.0,3
toon-800-800-1-1,native_output_assembly,0.372917,0.6315166999999999,3
toon-800-800-1-1,native_teardown,0.05675,0.2591006,3
toon-800-800-1-1,native_total,142.209125,142.81216279999998,3
