environment_decode,0.009209
frame_allocate_clear,2.698625
lights_shadow_allocate,0.00325
shadow_alpha_allocate,0.001
shader_setup_asset_decode,6.113625
model_setup,4.108166
bin_and_shadow_shader_allocate,0.529584
shadow_finalize,0.00075
normal_cache_allocate,0.0015
indexed_main_transforms,0.000708
main_transform_setup,87.169125
count_normal_cache_payload_bytes,0
count_normal_cache_hits,0
count_normal_cache_misses,0
count_geometric_normal_reuses,0
main_bin_build,10.097625
count_main_bin_workers,1
count_main_bin_scratch_bytes,320008
main_coverage_depth_shading,92.141083
count_main_schedule_scratch_bytes,320000
count_main_macrotiles,0
count_main_macrotile_edge,0
lines,0.015334
count_fragment_capacity_bytes,2560000
count_maximum_layers_per_sample,0
count_transparent_touched_samples,0
transparency_resolve,0.348
depth_conversion,0.005083
remaining_output_setup,0.001875
count_outline_scratch_payload_bytes,0
count_shadow_matrix_payload_bytes,0
count_varying_payload_bytes,72182016
count_auxiliary_matrix_payload_bytes,0
count_environment_variant_requests,0
count_environment_resize_variants,0
count_environment_variant_bytes,0
count_texture_decodes,0
count_texture_payload_bytes,0
count_prepared_texture_hits,0
count_prepared_texture_payload_bytes,0
count_indexed_positions,0
count_main_clip_transform_evaluations,3007584
count_indexed_transform_payload_bytes,0
count_varying_uv_payload_bytes,0
count_varying_position_payload_bytes,0
count_varying_clip_payload_bytes,0
count_input_triangles,1002528
count_models,1
count_materials,2
count_main_tasks,0
count_shadow_tasks,0
count_main_active_blocks,19126
count_main_bin_references,1434093
count_main_setup_count,1002528
count_main_post_clip_triangles,1002528
count_main_clipped_triangles,0
count_main_culled_primitives,0
count_main_setup_bin_capacity_bytes,190521532
count_coverage_block_tests,0
count_coverage_rejected_blocks,0
count_coverage_full_blocks,0
count_coverage_edge_samples,3190783
count_coverage_candidates,3190783
count_covered_samples,302058
count_early_z_failures,273
count_shader_calls,301785
count_transparent_fragments,0
count_visibility_tiles,0
count_visibility_fallbacks,0
count_visibility_coverage_worker_ms,0
count_visibility_shading_worker_ms,0
native_output_assembly,3.350125
native_teardown,4.123666
native_total,210.718375
environment_decode,0.009542
frame_allocate_clear,2.636416
lights_shadow_allocate,0.004084
shadow_alpha_allocate,0.001291
shader_setup_asset_decode,6.053292
model_setup,4.23725
bin_and_shadow_shader_allocate,0.693542
shadow_finalize,0.003458
normal_cache_allocate,0.001667
indexed_main_transforms,0.000875
main_transform_setup,88.122166
count_normal_cache_payload_bytes,0
count_normal_cache_hits,0
count_normal_cache_misses,0
count_geometric_normal_reuses,0
main_bin_build,11.943667
count_main_bin_workers,1
count_main_bin_scratch_bytes,320008
main_coverage_depth_shading,101.415333
count_main_schedule_scratch_bytes,320000
count_main_macrotiles,0
count_main_macrotile_edge,0
lines,0.013584
count_fragment_capacity_bytes,2560000
count_maximum_layers_per_sample,0
count_transparent_touched_samples,0
transparency_resolve,0.336208
depth_conversion,0.003833
remaining_output_setup,0.001667
count_outline_scratch_payload_bytes,0
count_shadow_matrix_payload_bytes,0
count_varying_payload_bytes,72182016
count_auxiliary_matrix_payload_bytes,0
count_environment_variant_requests,0
count_environment_resize_variants,0
count_environment_variant_bytes,0
count_texture_decodes,0
count_texture_payload_bytes,0
count_prepared_texture_hits,0
count_prepared_texture_payload_bytes,0
count_indexed_positions,0
count_main_clip_transform_evaluations,3007584
count_indexed_transform_payload_bytes,0
count_varying_uv_payload_bytes,0
count_varying_position_payload_bytes,0
count_varying_clip_payload_bytes,0
count_input_triangles,1002528
count_models,1
count_materials,2
count_main_tasks,0
count_shadow_tasks,0
count_main_active_blocks,19126
count_main_bin_references,1434093
count_main_setup_count,1002528
count_main_post_clip_triangles,1002528
count_main_clipped_triangles,0
count_main_culled_primitives,0
count_main_setup_bin_capacity_bytes,190521532
count_coverage_block_tests,0
count_coverage_rejected_blocks,0
count_coverage_full_blocks,0
count_coverage_edge_samples,3190783
count_coverage_candidates,3190783
count_covered_samples,302058
count_early_z_failures,273
count_shader_calls,301785
count_transparent_fragments,0
count_visibility_tiles,0
count_visibility_fallbacks,0
count_visibility_coverage_worker_ms,0
count_visibility_shading_worker_ms,0
native_output_assembly,3.316917
native_teardown,4.132375
native_total,222.927167
environment_decode,0.010167
frame_allocate_clear,2.675583
lights_shadow_allocate,0.003625
shadow_alpha_allocate,0.00125
shader_setup_asset_decode,6.996125
model_setup,4.897708
bin_and_shadow_shader_allocate,0.548834
shadow_finalize,0.000541
normal_cache_allocate,0.001709
indexed_main_transforms,0.000791
main_transform_setup,96.890917
count_normal_cache_payload_bytes,0
count_normal_cache_hits,0
count_normal_cache_misses,0
count_geometric_normal_reuses,0
main_bin_build,10.899333
count_main_bin_workers,1
count_main_bin_scratch_bytes,320008
main_coverage_depth_shading,99.679459
count_main_schedule_scratch_bytes,320000
count_main_macrotiles,0
count_main_macrotile_edge,0
lines,0.015208
count_fragment_capacity_bytes,2560000
count_maximum_layers_per_sample,0
count_transparent_touched_samples,0
transparency_resolve,0.458167
depth_conversion,0.004875
remaining_output_setup,0.004333
count_outline_scratch_payload_bytes,0
count_shadow_matrix_payload_bytes,0
count_varying_payload_bytes,72182016
count_auxiliary_matrix_payload_bytes,0
count_environment_variant_requests,0
count_environment_resize_variants,0
count_environment_variant_bytes,0
count_texture_decodes,0
count_texture_payload_bytes,0
count_prepared_texture_hits,0
count_prepared_texture_payload_bytes,0
count_indexed_positions,0
count_main_clip_transform_evaluations,3007584
count_indexed_transform_payload_bytes,0
count_varying_uv_payload_bytes,0
count_varying_position_payload_bytes,0
count_varying_clip_payload_bytes,0
count_input_triangles,1002528
count_models,1
count_materials,2
count_main_tasks,0
count_shadow_tasks,0
count_main_active_blocks,19126
count_main_bin_references,1434093
count_main_setup_count,1002528
count_main_post_clip_triangles,1002528
count_main_clipped_triangles,0
count_main_culled_primitives,0
count_main_setup_bin_capacity_bytes,190521532
count_coverage_block_tests,0
count_coverage_rejected_blocks,0
count_coverage_full_blocks,0
count_coverage_edge_samples,3190783
count_coverage_candidates,3190783
count_covered_samples,302058
count_early_z_failures,273
count_shader_calls,301785
count_transparent_fragments,0
count_visibility_tiles,0
count_visibility_fallbacks,0
count_visibility_coverage_worker_ms,0
count_visibility_shading_worker_ms,0
native_output_assembly,3.634167
native_teardown,4.312209
native_total,231.035042
