environment_decode,0.00875
frame_allocate_clear,2.537417
lights_shadow_allocate,0.020625
shadow_alpha_allocate,0.186167
shader_setup_asset_decode,0.02375
model_setup,0.009208
bin_and_shadow_shader_allocate,0.7075
shadow_0_transform_setup,0.075792
shadow_0_bin_build,0.375875
count_shadow_0_bin_workers,1
count_shadow_0_bin_scratch_bytes,32776
shadow_0_coverage_shading,0.75275
count_shadow_0_schedule_scratch_bytes,32768
count_shadow_0_macrotiles,0
count_shadow_0_fragment_capacity_bytes,262144
count_shadow_0_has_transparent_samples,0
shadow_0_transparency_resolve,0.032041
shadow_0_clear,0.01
shadow_finalize,0.000709
normal_cache_allocate,0.00625
indexed_main_transforms,0.000375
main_transform_setup,0.14525
count_normal_cache_payload_bytes,0
count_normal_cache_hits,0
count_normal_cache_misses,0
count_geometric_normal_reuses,0
main_bin_build,0.167541
count_main_bin_workers,1
count_main_bin_scratch_bytes,320008
main_coverage_depth_shading,14.94125
count_main_schedule_scratch_bytes,320000
count_main_macrotiles,0
count_main_macrotile_edge,0
lines,0.013459
count_fragment_capacity_bytes,2560000
count_maximum_layers_per_sample,0
count_transparent_touched_samples,0
transparency_resolve,0.335958
depth_conversion,0.004083
remaining_output_setup,0.001375
count_outline_scratch_payload_bytes,0
count_shadow_matrix_payload_bytes,3145728
count_varying_payload_bytes,161280
count_auxiliary_matrix_payload_bytes,0
count_environment_variant_requests,0
count_environment_resize_variants,0
count_environment_variant_bytes,0
count_texture_decodes,0
count_texture_payload_bytes,0
count_prepared_texture_hits,0
count_prepared_texture_payload_bytes,0
count_indexed_positions,0
count_main_clip_transform_evaluations,2880
count_indexed_transform_payload_bytes,0
count_varying_uv_payload_bytes,0
count_varying_position_payload_bytes,0
count_varying_clip_payload_bytes,92160
count_input_triangles,960
count_models,1
count_materials,2
count_main_tasks,0
count_shadow_tasks,0
count_main_active_blocks,17125
count_main_bin_references,50211
count_main_setup_count,960
count_main_post_clip_triangles,960
count_main_clipped_triangles,0
count_main_culled_primitives,632
count_main_setup_bin_capacity_bytes,697492
count_coverage_block_tests,0
count_coverage_rejected_blocks,0
count_coverage_full_blocks,0
count_coverage_edge_samples,712086
count_coverage_candidates,712086
count_covered_samples,250740
count_early_z_failures,292
count_shader_calls,250448
count_transparent_fragments,0
count_visibility_tiles,0
count_visibility_fallbacks,0
count_visibility_coverage_worker_ms,0
count_visibility_shading_worker_ms,0
native_output_assembly,0.8
native_teardown,0.903709
native_total,22.059834
environment_decode,0.012208
frame_allocate_clear,2.660167
lights_shadow_allocate,0.022542
shadow_alpha_allocate,0.126791
shader_setup_asset_decode,0.027042
model_setup,0.012292
bin_and_shadow_shader_allocate,0.584666
shadow_0_transform_setup,0.078959
shadow_0_bin_build,0.049791
count_shadow_0_bin_workers,1
count_shadow_0_bin_scratch_bytes,32776
shadow_0_coverage_shading,0.683834
count_shadow_0_schedule_scratch_bytes,32768
count_shadow_0_macrotiles,0
count_shadow_0_fragment_capacity_bytes,262144
count_shadow_0_has_transparent_samples,0
shadow_0_transparency_resolve,0.032625
shadow_0_clear,0.009291
shadow_finalize,0.000542
normal_cache_allocate,0.004208
indexed_main_transforms,0.000209
main_transform_setup,0.147208
count_normal_cache_payload_bytes,0
count_normal_cache_hits,0
count_normal_cache_misses,0
count_geometric_normal_reuses,0
main_bin_build,0.175958
count_main_bin_workers,1
count_main_bin_scratch_bytes,320008
main_coverage_depth_shading,14.999542
count_main_schedule_scratch_bytes,320000
count_main_macrotiles,0
count_main_macrotile_edge,0
lines,0.006
count_fragment_capacity_bytes,2560000
count_maximum_layers_per_sample,0
count_transparent_touched_samples,0
transparency_resolve,0.31625
depth_conversion,0.001083
remaining_output_setup,0.001375
count_outline_scratch_payload_bytes,0
count_shadow_matrix_payload_bytes,3145728
count_varying_payload_bytes,161280
count_auxiliary_matrix_payload_bytes,0
count_environment_variant_requests,0
count_environment_resize_variants,0
count_environment_variant_bytes,0
count_texture_decodes,0
count_texture_payload_bytes,0
count_prepared_texture_hits,0
count_prepared_texture_payload_bytes,0
count_indexed_positions,0
count_main_clip_transform_evaluations,2880
count_indexed_transform_payload_bytes,0
count_varying_uv_payload_bytes,0
count_varying_position_payload_bytes,0
count_varying_clip_payload_bytes,92160
count_input_triangles,960
count_models,1
count_materials,2
count_main_tasks,0
count_shadow_tasks,0
count_main_active_blocks,17125
count_main_bin_references,50211
count_main_setup_count,960
count_main_post_clip_triangles,960
count_main_clipped_triangles,0
count_main_culled_primitives,632
count_main_setup_bin_capacity_bytes,697492
count_coverage_block_tests,0
count_coverage_rejected_blocks,0
count_coverage_full_blocks,0
count_coverage_edge_samples,712086
count_coverage_candidates,712086
count_covered_samples,250740
count_early_z_failures,292
count_shader_calls,250448
count_transparent_fragments,0
count_visibility_tiles,0
count_visibility_fallbacks,0
count_visibility_coverage_worker_ms,0
count_visibility_shading_worker_ms,0
native_output_assembly,0.636584
native_teardown,0.61825
native_total,21.207417
environment_decode,0.011667
frame_allocate_clear,2.824917
lights_shadow_allocate,0.058708
shadow_alpha_allocate,0.210333
shader_setup_asset_decode,0.035667
model_setup,0.009042
bin_and_shadow_shader_allocate,0.595708
shadow_0_transform_setup,0.076792
shadow_0_bin_build,0.049875
count_shadow_0_bin_workers,1
count_shadow_0_bin_scratch_bytes,32776
shadow_0_coverage_shading,0.66825
count_shadow_0_schedule_scratch_bytes,32768
count_shadow_0_macrotiles,0
count_shadow_0_fragment_capacity_bytes,262144
count_shadow_0_has_transparent_samples,0
shadow_0_transparency_resolve,0.030541
shadow_0_clear,0.007084
shadow_finalize,0.289625
normal_cache_allocate,0.001583
indexed_main_transforms,0.000208
main_transform_setup,0.1405
count_normal_cache_payload_bytes,0
count_normal_cache_hits,0
count_normal_cache_misses,0
count_geometric_normal_reuses,0
main_bin_build,0.141375
count_main_bin_workers,1
count_main_bin_scratch_bytes,320008
main_coverage_depth_shading,14.857667
count_main_schedule_scratch_bytes,320000
count_main_macrotiles,0
count_main_macrotile_edge,0
lines,0.011042
count_fragment_capacity_bytes,2560000
count_maximum_layers_per_sample,0
count_transparent_touched_samples,0
transparency_resolve,0.331208
depth_conversion,0.0035
remaining_output_setup,0.0015
count_outline_scratch_payload_bytes,0
count_shadow_matrix_payload_bytes,3145728
count_varying_payload_bytes,161280
count_auxiliary_matrix_payload_bytes,0
count_environment_variant_requests,0
count_environment_resize_variants,0
count_environment_variant_bytes,0
count_texture_decodes,0
count_texture_payload_bytes,0
count_prepared_texture_hits,0
count_prepared_texture_payload_bytes,0
count_indexed_positions,0
count_main_clip_transform_evaluations,2880
count_indexed_transform_payload_bytes,0
count_varying_uv_payload_bytes,0
count_varying_position_payload_bytes,0
count_varying_clip_payload_bytes,92160
count_input_triangles,960
count_models,1
count_materials,2
count_main_tasks,0
count_shadow_tasks,0
count_main_active_blocks,17125
count_main_bin_references,50211
count_main_setup_count,960
count_main_post_clip_triangles,960
count_main_clipped_triangles,0
count_main_culled_primitives,632
count_main_setup_bin_capacity_bytes,697492
count_coverage_block_tests,0
count_coverage_rejected_blocks,0
count_coverage_full_blocks,0
count_coverage_edge_samples,712086
count_coverage_candidates,712086
count_covered_samples,250740
count_early_z_failures,292
count_shader_calls,250448
count_transparent_fragments,0
count_visibility_tiles,0
count_visibility_fallbacks,0
count_visibility_coverage_worker_ms,0
count_visibility_shading_worker_ms,0
native_output_assembly,0.726333
native_teardown,0.8405
native_total,21.923667
