environment_decode,0.008625
frame_allocate_clear,2.754417
lights_shadow_allocate,0.004083
shadow_alpha_allocate,0.001542
shader_setup_asset_decode,0.026375
model_setup,0.010625
bin_and_shadow_shader_allocate,0.693375
shadow_finalize,0.004083
normal_cache_allocate,0.002875
indexed_main_transforms,0.000458
main_transform_setup,0.142209
count_normal_cache_payload_bytes,0
count_normal_cache_hits,0
count_normal_cache_misses,0
count_geometric_normal_reuses,0
main_bin_build,1.456875
count_main_bin_workers,1
count_main_bin_scratch_bytes,320008
main_coverage_depth_shading,169.608416
count_main_schedule_scratch_bytes,320000
count_main_macrotiles,0
count_main_macrotile_edge,0
lines,0.013209
count_fragment_capacity_bytes,265364472
count_maximum_layers_per_sample,33
count_transparent_touched_samples,301234
transparency_resolve,141.407
depth_conversion,0.006791
remaining_output_setup,0.011959
count_outline_scratch_payload_bytes,0
count_shadow_matrix_payload_bytes,0
count_varying_payload_bytes,36864
count_auxiliary_matrix_payload_bytes,0
count_environment_variant_requests,0
count_environment_resize_variants,0
count_environment_variant_bytes,0
count_texture_decodes,0
count_texture_payload_bytes,0
count_prepared_texture_hits,0
count_prepared_texture_payload_bytes,0
count_indexed_positions,0
count_main_clip_transform_evaluations,1536
count_indexed_transform_payload_bytes,0
count_varying_uv_payload_bytes,0
count_varying_position_payload_bytes,0
count_varying_clip_payload_bytes,0
count_input_triangles,512
count_models,1
count_materials,2
count_main_tasks,0
count_shadow_tasks,0
count_main_active_blocks,19290
count_main_bin_references,600049
count_main_setup_count,512
count_main_post_clip_triangles,512
count_main_clipped_triangles,0
count_main_culled_primitives,0
count_main_setup_bin_capacity_bytes,2814412
count_coverage_block_tests,0
count_coverage_rejected_blocks,0
count_coverage_full_blocks,0
count_coverage_edge_samples,9176125
count_coverage_candidates,9176125
count_covered_samples,4498791
count_early_z_failures,0
count_shader_calls,4498791
count_transparent_fragments,4498791
count_visibility_tiles,0
count_visibility_fallbacks,0
count_visibility_coverage_worker_ms,0
count_visibility_shading_worker_ms,0
native_output_assembly,0.772875
native_teardown,0.239291
native_total,317.165083
environment_decode,0.009167
frame_allocate_clear,2.811542
lights_shadow_allocate,0.003125
shadow_alpha_allocate,0.001375
shader_setup_asset_decode,0.021708
model_setup,0.0105
bin_and_shadow_shader_allocate,0.614417
shadow_finalize,0.000333
normal_cache_allocate,0.001625
indexed_main_transforms,0.000542
main_transform_setup,0.126333
count_normal_cache_payload_bytes,0
count_normal_cache_hits,0
count_normal_cache_misses,0
count_geometric_normal_reuses,0
main_bin_build,1.394083
count_main_bin_workers,1
count_main_bin_scratch_bytes,320008
main_coverage_depth_shading,176.813209
count_main_schedule_scratch_bytes,320000
count_main_macrotiles,0
count_main_macrotile_edge,0
lines,0.011583
count_fragment_capacity_bytes,265364472
count_maximum_layers_per_sample,33
count_transparent_touched_samples,301234
transparency_resolve,141.918583
depth_conversion,0.005792
remaining_output_setup,0.010417
count_outline_scratch_payload_bytes,0
count_shadow_matrix_payload_bytes,0
count_varying_payload_bytes,36864
count_auxiliary_matrix_payload_bytes,0
count_environment_variant_requests,0
count_environment_resize_variants,0
count_environment_variant_bytes,0
count_texture_decodes,0
count_texture_payload_bytes,0
count_prepared_texture_hits,0
count_prepared_texture_payload_bytes,0
count_indexed_positions,0
count_main_clip_transform_evaluations,1536
count_indexed_transform_payload_bytes,0
count_varying_uv_payload_bytes,0
count_varying_position_payload_bytes,0
count_varying_clip_payload_bytes,0
count_input_triangles,512
count_models,1
count_materials,2
count_main_tasks,0
count_shadow_tasks,0
count_main_active_blocks,19290
count_main_bin_references,600049
count_main_setup_count,512
count_main_post_clip_triangles,512
count_main_clipped_triangles,0
count_main_culled_primitives,0
count_main_setup_bin_capacity_bytes,2814412
count_coverage_block_tests,0
count_coverage_rejected_blocks,0
count_coverage_full_blocks,0
count_coverage_edge_samples,9176125
count_coverage_candidates,9176125
count_covered_samples,4498791
count_early_z_failures,0
count_shader_calls,4498791
count_transparent_fragments,4498791
count_visibility_tiles,0
count_visibility_fallbacks,0
count_visibility_coverage_worker_ms,0
count_visibility_shading_worker_ms,0
native_output_assembly,0.683791
native_teardown,0.242333
native_total,324.6805
environment_decode,0.009333
frame_allocate_clear,2.5685
lights_shadow_allocate,0.003542
shadow_alpha_allocate,0.001208
shader_setup_asset_decode,0.01775
model_setup,0.009625
bin_and_shadow_shader_allocate,0.532834
shadow_finalize,0.000291
normal_cache_allocate,0.001625
indexed_main_transforms,0.000334
main_transform_setup,0.120125
count_normal_cache_payload_bytes,0
count_normal_cache_hits,0
count_normal_cache_misses,0
count_geometric_normal_reuses,0
main_bin_build,1.328916
count_main_bin_workers,1
count_main_bin_scratch_bytes,320008
main_coverage_depth_shading,169.621709
count_main_schedule_scratch_bytes,320000
count_main_macrotiles,0
count_main_macrotile_edge,0
lines,0.0135
count_fragment_capacity_bytes,265364472
count_maximum_layers_per_sample,33
count_transparent_touched_samples,301234
transparency_resolve,143.484791
depth_conversion,0.00625
remaining_output_setup,0.007542
count_outline_scratch_payload_bytes,0
count_shadow_matrix_payload_bytes,0
count_varying_payload_bytes,36864
count_auxiliary_matrix_payload_bytes,0
count_environment_variant_requests,0
count_environment_resize_variants,0
count_environment_variant_bytes,0
count_texture_decodes,0
count_texture_payload_bytes,0
count_prepared_texture_hits,0
count_prepared_texture_payload_bytes,0
count_indexed_positions,0
count_main_clip_transform_evaluations,1536
count_indexed_transform_payload_bytes,0
count_varying_uv_payload_bytes,0
count_varying_position_payload_bytes,0
count_varying_clip_payload_bytes,0
count_input_triangles,512
count_models,1
count_materials,2
count_main_tasks,0
count_shadow_tasks,0
count_main_active_blocks,19290
count_main_bin_references,600049
count_main_setup_count,512
count_main_post_clip_triangles,512
count_main_clipped_triangles,0
count_main_culled_primitives,0
count_main_setup_bin_capacity_bytes,2814412
count_coverage_block_tests,0
count_coverage_rejected_blocks,0
count_coverage_full_blocks,0
count_coverage_edge_samples,9176125
count_coverage_candidates,9176125
count_covered_samples,4498791
count_early_z_failures,0
count_shader_calls,4498791
count_transparent_fragments,4498791
count_visibility_tiles,0
count_visibility_fallbacks,0
count_visibility_coverage_worker_ms,0
count_visibility_shading_worker_ms,0
native_output_assembly,0.7145
native_teardown,0.2765
native_total,318.718917
